{"homebrew_version":"2.0.6","used_options":[],"unused_options":["--with-debug"],"built_as_bottle":false,"poured_from_bottle":false,"installed_as_dependency":true,"installed_on_request":true,"changed_files":null,"time":1554111647,"source_modified_time":1526329503,"HEAD":"649d1427f5fe41323c436608f5c21513f8f34f71","stdlib":null,"compiler":"clang","aliases":[],"runtime_dependencies":[{"full_name":"openssl@1.1","version":"1.1.1b"},{"full_name":"pcre","version":"8.43"}],"source":{"path":"/usr/local/Homebrew/Library/Taps/kong/homebrew-kong/Formula/openresty.rb","tap":"kong/kong","spec":"stable","versions":{"stable":"1.13.6.2","devel":"","head":"HEAD","version_scheme":0}}}