{
    "swagger": "2.0",
    "info": {
        "title": "kratos-demo-protoc/api/api.proto",
        "version": "1"
    },
    "schemes": [
        "http",
        "https"
    ],
    "consumes": [
        "application/json",
        "multipart/form-data"
    ],
    "produces": [
        "application/json"
    ],
    "paths": {
        "/kratos-demo-protoc/say_hello": {
            "get": {
                "summary": "/kratos-demo-protoc/say_hello",
                "responses": {
                    "200": {
                        "description": "A successful response.",
                        "schema": {
                            "type": "object",
                            "properties": {
                                "code": {
                                    "type": "integer"
                                },
                                "message": {
                                    "type": "string"
                                },
                                "data": {
                                    "$ref": "#/definitions/.demo.service.v1.HelloResp"
                                }
                            }
                        }
                    }
                },
                "parameters": [
                    {
                        "name": "name",
                        "in": "query",
                        "required": true,
                        "type": "string"
                    }
                ],
                "tags": [
                    "demo.service.v1.Demo"
                ]
            }
        }
    },
    "definitions": {
        ".demo.service.v1.HelloReq": {
            "type": "object",
            "properties": {
                "name": {
                    "type": "string"
                }
            },
            "required": [
                "name"
            ]
        },
        ".demo.service.v1.HelloResp": {
            "type": "object",
            "properties": {
                "content": {
                    "type": "string"
                }
            }
        }
    }
}